int_num,0-BG,1-back-back,2-body,3-headwear_back,4-clothe,5-backpack-front,6-head,7-holding,8-emotion,9-headwear_front
int_001,0-1,1-3,2-3,3-0,4-10,5-0,6-3-1,7-12,8-3-3,9-14
int_002,0-1,1-3,2-3,3-0,4-3,5-0,6-3-1,7-9,8-3-4,9-6
int_003,0-1,1-5,2-5,3-0,4-3,5-0,6-5-0,7-7,8-5-4,9-0
int_004,0-1,1-5,2-5,3-0,4-13,5-0,6-5-1,7-13,8-5-3,9-5
int_005,0-1,1-5,2-5,3-0,4-13,5-0,6-5-1,7-13,8-5-6,9-9
int_006,0-1,1-0,2-1,3-0,4-1,5-3,6-1-1,7-4,8-1-3,9-6
int_007,0-1,1-1,2-1,3-0,4-0,5-0,6-1-1,7-0,8-1-4,9-11
int_008,0-1,1-5,2-5,3-0,4-2,5-0,6-5-0,7-3,8-5-4,9-24
int_009,0-1,1-0,2-6,3-0,4-0,5-0,6-6-0,7-14,8-6-6,9-4
int_010,0-1,1-2,2-2,3-0,4-0,5-0,6-2-0,7-0,8-2-4,9-4
int_011,0-1,1-2,2-2,3-0,4-2,5-0,6-2-1,7-12,8-2-4,9-13
int_012,0-1,1-6,2-6,3-0,4-6,5-0,6-6-0,7-10,8-6-4,9-0
int_013,0-1,1-0,2-3,3-0,4-15,5-0,6-3-1,7-0,8-3-3,9-5
int_014,0-1,1-1,2-1,3-0,4-0,5-0,6-1-1,7-2,8-1-2,9-15
int_015,0-1,1-6,2-6,3-0,4-0,5-0,6-6-0,7-15,8-6-2,9-3
int_016,0-1,1-4,2-4,3-0,4-3,5-0,6-4-1,7-0,8-4-4,9-15
int_017,0-1,1-2,2-2,3-0,4-0,5-0,6-2-0,7-1,8-2-2,9-0
int_018,0-1,1-1,2-1,3-0,4-9,5-0,6-1-0,7-14,8-1-3,9-2
int_019,0-1,1-3,2-3,3-0,4-0,5-0,6-3-0,7-10,8-3-4,9-20
int_020,0-1,1-0,2-2,3-0,4-2,5-5,6-2-0,7-15,8-2-3,9-3
int_021,0-1,1-7,2-4,3-0,4-8,5-0,6-4-1,7-13,8-4-3,9-13
int_022,0-1,1-3,2-3,3-0,4-9,5-0,6-3-1,7-3,8-3-4,9-11
int_023,0-1,1-3,2-3,3-0,4-16,5-0,6-3-1,7-3,8-3-3,9-9
int_024,0-1,1-5,2-5,3-0,4-14,5-0,6-5-1,7-0,8-5-3,9-8
int_025,0-1,1-0,2-4,3-0,4-3,5-0,6-4-0,7-12,8-4-2,9-0
int_026,0-1,1-4,2-4,3-0,4-14,5-0,6-4-1,7-0,8-4-4,9-11
int_027,0-1,1-1,2-1,3-1,4-1,5-0,6-1-0,7-12,8-1-4,9-1
int_028,0-1,1-5,2-5,3-0,4-0,5-0,6-5-1,7-8,8-5-3,9-7
int_029,0-1,1-11,2-3,3-0,4-15,5-2,6-3-1,7-0,8-3-3,9-7
int_030,0-1,1-1,2-1,3-0,4-14,5-0,6-1-0,7-15,8-1-2,9-0
int_031,0-1,1-4,2-4,3-0,4-1,5-0,6-4-0,7-0,8-4-5,9-19
int_032,0-1,1-8,2-2,3-0,4-0,5-0,6-2-0,7-12,8-2-4,9-2
int_033,0-1,1-1,2-1,3-0,4-10,5-0,6-1-1,7-8,8-1-5,9-10
int_034,0-1,1-11,2-4,3-0,4-15,5-2,6-4-0,7-0,8-4-2,9-2
int_035,0-1,1-6,2-6,3-0,4-13,5-0,6-6-1,7-1,8-6-3,9-15
int_036,0-1,1-0,2-2,3-0,4-18,5-0,6-2-1,7-6,8-2-2,9-13
int_037,0-1,1-7,2-2,3-0,4-7,5-0,6-2-0,7-10,8-2-4,9-4
int_038,0-1,1-11,2-3,3-1,4-8,5-2,6-3-0,7-3,8-3-2,9-1
int_039,0-1,1-4,2-4,3-0,4-15,5-0,6-4-1,7-13,8-4-2,9-16
int_040,0-1,1-5,2-5,3-0,4-2,5-0,6-5-0,7-0,8-5-5,9-21
int_041,0-1,1-0,2-6,3-0,4-2,5-0,6-6-1,7-12,8-6-5,9-11
int_042,0-1,1-5,2-5,3-0,4-0,5-0,6-5-1,7-4,8-5-3,9-12
int_043,0-1,1-5,2-5,3-0,4-1,5-0,6-5-1,7-4,8-5-1,9-9
int_044,0-1,1-0,2-5,3-0,4-8,5-0,6-5-1,7-14,8-5-2,9-13
int_045,0-1,1-6,2-6,3-0,4-2,5-0,6-6-0,7-0,8-6-4,9-0
int_046,0-1,1-4,2-4,3-0,4-6,5-0,6-4-0,7-4,8-4-3,9-3
int_047,0-1,1-10,2-5,3-0,4-0,5-1,6-5-0,7-5,8-5-4,9-0
int_048,0-1,1-1,2-1,3-0,4-0,5-0,6-1-1,7-10,8-1-4,9-6
int_049,0-1,1-6,2-6,3-0,4-0,5-0,6-6-0,7-0,8-6-4,9-0
int_050,0-1,1-0,2-4,3-0,4-3,5-0,6-4-1,7-0,8-4-1,9-9
int_051,0-1,1-6,2-6,3-0,4-0,5-0,6-6-0,7-0,8-6-4,9-2
int_052,0-1,1-2,2-2,3-0,4-0,5-0,6-2-1,7-0,8-2-4,9-10
int_053,0-1,1-6,2-6,3-0,4-4,5-0,6-6-1,7-4,8-6-5,9-6
int_054,0-1,1-9,2-2,3-0,4-1,5-0,6-2-0,7-7,8-2-2,9-2
int_055,0-1,1-0,2-6,3-0,4-0,5-0,6-6-1,7-10,8-6-4,9-8
int_056,0-1,1-2,2-2,3-0,4-3,5-0,6-2-0,7-0,8-2-4,9-23
int_057,0-1,1-5,2-5,3-0,4-0,5-0,6-5-0,7-8,8-5-4,9-4
int_058,0-1,1-5,2-5,3-0,4-11,5-0,6-5-1,7-5,8-5-4,9-10
int_059,0-1,1-4,2-4,3-0,4-0,5-0,6-4-0,7-13,8-4-4,9-0
int_060,0-1,1-6,2-6,3-0,4-2,5-0,6-6-0,7-2,8-6-4,9-0
int_061,0-1,1-4,2-4,3-0,4-3,5-0,6-4-1,7-4,8-4-3,9-8
int_062,0-1,1-6,2-6,3-0,4-13,5-0,6-6-0,7-5,8-6-4,9-3
int_063,0-1,1-6,2-6,3-0,4-14,5-0,6-6-0,7-13,8-6-4,9-0
int_064,0-1,1-1,2-1,3-0,4-0,5-0,6-1-1,7-0,8-1-5,9-9
int_065,0-1,1-10,2-5,3-0,4-0,5-1,6-5-0,7-11,8-5-3,9-2
int_066,0-1,1-2,2-2,3-0,4-2,5-0,6-2-0,7-0,8-2-3,9-3
int_067,0-1,1-0,2-1,3-0,4-0,5-3,6-1-0,7-0,8-1-3,9-0
int_068,0-1,1-3,2-3,3-0,4-13,5-0,6-3-0,7-15,8-3-4,9-3
int_069,0-1,1-0,2-2,3-0,4-1,5-5,6-2-0,7-7,8-2-4,9-2
int_070,0-1,1-0,2-3,3-0,4-18,5-0,6-3-0,7-3,8-3-4,9-0
int_071,0-1,1-5,2-5,3-0,4-1,5-0,6-5-1,7-8,8-5-6,9-9
int_072,0-1,1-2,2-2,3-0,4-15,5-0,6-2-1,7-1,8-2-5,9-13
int_073,0-1,1-1,2-1,3-0,4-0,5-0,6-1-1,7-11,8-1-2,9-15
int_074,0-1,1-6,2-6,3-0,4-10,5-0,6-6-1,7-12,8-6-5,9-15
int_075,0-1,1-2,2-2,3-0,4-0,5-0,6-2-1,7-13,8-2-5,9-15
int_076,0-1,1-4,2-4,3-0,4-16,5-0,6-4-0,7-1,8-4-4,9-3
int_077,0-1,1-0,2-5,3-0,4-16,5-0,6-5-1,7-14,8-5-6,9-15
int_078,0-1,1-2,2-2,3-1,4-13,5-0,6-2-0,7-3,8-2-1,9-1
int_079,0-1,1-6,2-6,3-0,4-0,5-0,6-6-1,7-5,8-6-2,9-5
int_080,0-1,1-2,2-2,3-0,4-17,5-0,6-2-0,7-0,8-2-5,9-20
int_081,0-1,1-7,2-1,3-0,4-3,5-0,6-1-1,7-0,8-1-5,9-9
int_082,0-1,1-6,2-6,3-0,4-0,5-0,6-6-1,7-5,8-6-1,9-6
int_083,0-1,1-4,2-4,3-0,4-6,5-0,6-4-1,7-0,8-4-3,9-14
int_084,0-1,1-0,2-5,3-0,4-0,5-0,6-5-1,7-0,8-5-4,9-11
int_085,0-1,1-2,2-2,3-0,4-11,5-0,6-2-1,7-7,8-2-4,9-12
int_086,0-1,1-2,2-2,3-0,4-16,5-0,6-2-1,7-0,8-2-4,9-12
int_087,0-1,1-5,2-5,3-0,4-7,5-0,6-5-1,7-1,8-5-4,9-7
int_088,0-1,1-6,2-6,3-0,4-0,5-0,6-6-1,7-0,8-6-5,9-10
int_089,0-1,1-2,2-2,3-0,4-2,5-0,6-2-1,7-10,8-2-4,9-6
int_090,0-1,1-4,2-4,3-0,4-2,5-0,6-4-0,7-0,8-4-3,9-4
int_091,0-1,1-7,2-4,3-0,4-0,5-0,6-4-1,7-0,8-4-5,9-12
int_092,0-1,1-3,2-3,3-0,4-14,5-0,6-3-0,7-14,8-3-5,9-2
int_093,0-1,1-2,2-2,3-0,4-2,5-0,6-2-1,7-7,8-2-3,9-6
int_094,0-1,1-1,2-1,3-0,4-0,5-0,6-1-1,7-0,8-1-3,9-6
int_095,0-1,1-4,2-4,3-0,4-13,5-0,6-4-0,7-13,8-4-3,9-2
int_096,0-1,1-0,2-3,3-0,4-1,5-0,6-3-0,7-8,8-3-2,9-2
int_097,0-1,1-0,2-4,3-0,4-0,5-0,6-4-1,7-0,8-4-2,9-15
int_098,0-1,1-0,2-5,3-0,4-0,5-0,6-5-1,7-0,8-5-4,9-9
int_099,0-1,1-2,2-2,3-0,4-3,5-0,6-2-0,7-6,8-2-4,9-0
int_100,0-1,1-4,2-4,3-0,4-5,5-0,6-4-0,7-1,8-4-6,9-0
int_101,0-1,1-5,2-5,3-0,4-0,5-0,6-5-0,7-6,8-5-3,9-22
int_102,0-1,1-7,2-1,3-0,4-4,5-0,6-1-1,7-10,8-1-3,9-9
int_103,0-1,1-3,2-3,3-0,4-0,5-0,6-3-1,7-6,8-3-5,9-5
int_104,0-1,1-1,2-1,3-0,4-3,5-0,6-1-1,7-9,8-1-4,9-14
int_105,0-1,1-7,2-6,3-0,4-3,5-0,6-6-0,7-12,8-6-3,9-4
int_106,0-1,1-3,2-3,3-0,4-0,5-0,6-3-0,7-15,8-3-3,9-0
int_107,0-1,1-4,2-4,3-0,4-0,5-0,6-4-0,7-0,8-4-4,9-0
int_108,0-1,1-4,2-4,3-0,4-3,5-0,6-4-0,7-0,8-4-3,9-0
int_109,0-1,1-5,2-5,3-0,4-19,5-0,6-5-0,7-7,8-5-4,9-18
int_110,0-1,1-10,2-6,3-0,4-0,5-1,6-6-0,7-0,8-6-5,9-22
int_111,0-1,1-1,2-1,3-0,4-15,5-0,6-1-1,7-1,8-1-4,9-12
int_112,0-1,1-0,2-2,3-0,4-19,5-4,6-2-0,7-12,8-2-4,9-0
int_113,0-1,1-0,2-1,3-0,4-12,5-4,6-1-0,7-0,8-1-3,9-4
int_114,0-1,1-7,2-6,3-0,4-0,5-0,6-6-0,7-4,8-6-4,9-0
int_115,0-1,1-5,2-5,3-0,4-2,5-0,6-5-1,7-0,8-5-2,9-12
int_116,0-1,1-11,2-1,3-0,4-2,5-2,6-1-1,7-0,8-1-4,9-5
int_117,0-1,1-10,2-1,3-0,4-0,5-1,6-1-0,7-10,8-1-5,9-3
int_118,0-1,1-0,2-4,3-0,4-0,5-0,6-4-1,7-0,8-4-4,9-12
int_119,0-1,1-0,2-1,3-0,4-0,5-3,6-1-1,7-15,8-1-4,9-12
int_120,0-1,1-0,2-5,3-0,4-5,5-0,6-5-1,7-0,8-5-4,9-15
int_121,0-1,1-6,2-6,3-0,4-14,5-0,6-6-0,7-4,8-6-4,9-20
int_122,0-1,1-0,2-1,3-0,4-0,5-4,6-1-0,7-1,8-1-4,9-19
int_123,0-1,1-6,2-6,3-0,4-0,5-0,6-6-0,7-5,8-6-1,9-21
int_124,0-1,1-10,2-3,3-0,4-2,5-1,6-3-0,7-0,8-3-4,9-17
int_125,0-1,1-6,2-6,3-0,4-3,5-0,6-6-0,7-3,8-6-4,9-21
int_126,0-1,1-2,2-2,3-0,4-0,5-0,6-2-0,7-0,8-2-6,9-3
int_127,0-1,1-6,2-6,3-0,4-1,5-0,6-6-0,7-0,8-6-5,9-2
int_128,0-1,1-3,2-3,3-0,4-0,5-0,6-3-1,7-3,8-3-4,9-7
int_129,0-1,1-6,2-6,3-0,4-0,5-0,6-6-1,7-0,8-6-4,9-5
int_130,0-1,1-0,2-4,3-0,4-9,5-0,6-4-0,7-1,8-4-4,9-22
int_131,0-1,1-10,2-5,3-0,4-0,5-1,6-5-1,7-0,8-5-3,9-15
int_132,0-1,1-1,2-1,3-1,4-7,5-0,6-1-0,7-6,8-1-3,9-1
int_133,0-1,1-0,2-6,3-0,4-0,5-0,6-6-0,7-12,8-6-3,9-0
int_134,0-1,1-4,2-4,3-0,4-7,5-0,6-4-1,7-9,8-4-3,9-14
int_135,0-1,1-11,2-4,3-0,4-0,5-2,6-4-1,7-12,8-4-5,9-10
int_136,0-1,1-7,2-3,3-0,4-1,5-0,6-3-1,7-3,8-3-2,9-7
int_137,0-1,1-5,2-5,3-1,4-0,5-0,6-5-0,7-15,8-5-3,9-1
int_138,0-1,1-6,2-6,3-0,4-6,5-0,6-6-0,7-0,8-6-5,9-0
int_139,0-1,1-2,2-2,3-1,4-0,5-0,6-2-0,7-12,8-2-2,9-1
int_140,0-1,1-11,2-6,3-0,4-3,5-2,6-6-1,7-0,8-6-2,9-13
int_141,0-1,1-10,2-6,3-0,4-4,5-1,6-6-1,7-15,8-6-4,9-7
int_142,0-1,1-0,2-5,3-0,4-9,5-0,6-5-1,7-8,8-5-4,9-7
int_143,0-1,1-5,2-5,3-0,4-0,5-0,6-5-1,7-5,8-5-4,9-16
int_144,0-1,1-1,2-1,3-0,4-1,5-0,6-1-0,7-7,8-1-5,9-23
int_145,0-1,1-0,2-6,3-0,4-1,5-0,6-6-0,7-0,8-6-4,9-0
int_146,0-1,1-6,2-6,3-1,4-14,5-0,6-6-0,7-0,8-6-4,9-1
int_147,0-1,1-0,2-5,3-0,4-7,5-0,6-5-1,7-0,8-5-5,9-8
int_148,0-1,1-1,2-1,3-0,4-12,5-0,6-1-1,7-3,8-1-4,9-7
int_149,0-1,1-3,2-3,3-0,4-1,5-0,6-3-1,7-1,8-3-1,9-8
int_150,0-1,1-2,2-2,3-0,4-16,5-0,6-2-0,7-8,8-2-4,9-20
int_151,0-1,1-6,2-6,3-0,4-0,5-0,6-6-0,7-14,8-6-4,9-0
int_152,0-1,1-6,2-6,3-0,4-3,5-0,6-6-0,7-0,8-6-5,9-19
int_153,0-1,1-5,2-5,3-0,4-0,5-0,6-5-0,7-4,8-5-2,9-0
int_154,0-1,1-3,2-3,3-0,4-17,5-0,6-3-0,7-0,8-3-3,9-0
int_155,0-1,1-8,2-6,3-0,4-0,5-0,6-6-1,7-15,8-6-4,9-16
int_156,0-1,1-3,2-3,3-0,4-0,5-0,6-3-0,7-10,8-3-4,9-4
int_157,0-1,1-2,2-2,3-0,4-7,5-0,6-2-1,7-0,8-2-4,9-13
int_158,0-1,1-8,2-6,3-0,4-4,5-0,6-6-1,7-4,8-6-5,9-10
int_159,0-1,1-1,2-1,3-0,4-1,5-0,6-1-0,7-2,8-1-5,9-19
int_160,0-1,1-4,2-4,3-0,4-6,5-0,6-4-1,7-9,8-4-4,9-16
int_161,0-1,1-0,2-6,3-0,4-0,5-0,6-6-0,7-2,8-6-6,9-21
int_162,0-1,1-0,2-1,3-0,4-1,5-3,6-1-0,7-4,8-1-3,9-3
int_163,0-1,1-10,2-4,3-0,4-14,5-1,6-4-1,7-3,8-4-4,9-9
int_164,0-1,1-7,2-3,3-0,4-2,5-0,6-3-0,7-0,8-3-4,9-4
int_165,0-1,1-4,2-4,3-0,4-0,5-0,6-4-1,7-13,8-4-4,9-12
int_166,0-1,1-5,2-5,3-0,4-3,5-0,6-5-1,7-0,8-5-4,9-7
int_167,0-1,1-2,2-2,3-0,4-4,5-0,6-2-0,7-0,8-2-5,9-0
int_168,0-1,1-1,2-1,3-0,4-18,5-0,6-1-1,7-11,8-1-5,9-13
int_169,0-1,1-10,2-5,3-0,4-3,5-1,6-5-0,7-3,8-5-4,9-24
int_170,0-1,1-0,2-5,3-0,4-0,5-0,6-5-1,7-0,8-5-4,9-10
int_171,0-1,1-1,2-1,3-0,4-14,5-0,6-1-0,7-2,8-1-4,9-0
int_172,0-1,1-0,2-5,3-0,4-13,5-0,6-5-0,7-0,8-5-3,9-4
int_173,0-1,1-3,2-3,3-0,4-2,5-0,6-3-1,7-6,8-3-5,9-14
int_174,0-1,1-6,2-6,3-0,4-3,5-0,6-6-1,7-2,8-6-3,9-12
int_175,0-1,1-6,2-6,3-0,4-2,5-0,6-6-1,7-5,8-6-3,9-11
int_176,0-1,1-6,2-6,3-0,4-2,5-0,6-6-0,7-8,8-6-4,9-0
int_177,0-1,1-3,2-3,3-0,4-8,5-0,6-3-1,7-2,8-3-6,9-10
int_178,0-1,1-4,2-4,3-0,4-2,5-0,6-4-0,7-9,8-4-5,9-0
int_179,0-1,1-8,2-5,3-0,4-1,5-0,6-5-0,7-0,8-5-3,9-4
int_180,0-1,1-2,2-2,3-0,4-0,5-0,6-2-0,7-7,8-2-5,9-17
int_181,0-1,1-6,2-6,3-0,4-13,5-0,6-6-1,7-6,8-6-4,9-11
int_182,0-1,1-6,2-6,3-1,4-11,5-0,6-6-0,7-0,8-6-3,9-1
int_183,0-1,1-11,2-3,3-0,4-1,5-2,6-3-1,7-12,8-3-1,9-7
int_184,0-1,1-1,2-1,3-0,4-0,5-0,6-1-0,7-9,8-1-4,9-2
int_185,0-1,1-0,2-6,3-0,4-0,5-0,6-6-1,7-13,8-6-1,9-11
int_186,0-1,1-1,2-1,3-0,4-0,5-0,6-1-1,7-0,8-1-4,9-5
int_187,0-1,1-4,2-4,3-0,4-14,5-0,6-4-1,7-0,8-4-4,9-7
int_188,0-1,1-6,2-6,3-0,4-0,5-0,6-6-1,7-15,8-6-5,9-8
int_189,0-1,1-3,2-3,3-0,4-0,5-0,6-3-0,7-0,8-3-5,9-4
int_190,0-1,1-1,2-1,3-0,4-13,5-0,6-1-1,7-2,8-1-5,9-12
int_191,0-1,1-7,2-4,3-0,4-0,5-0,6-4-0,7-0,8-4-3,9-19
int_192,0-1,1-9,2-3,3-0,4-0,5-0,6-3-0,7-3,8-3-4,9-24
int_193,0-1,1-8,2-5,3-0,4-2,5-0,6-5-1,7-12,8-5-3,9-11
int_194,0-1,1-7,2-4,3-0,4-16,5-0,6-4-0,7-12,8-4-5,9-0
int_195,0-1,1-7,2-6,3-1,4-17,5-0,6-6-0,7-6,8-6-3,9-1
int_196,0-1,1-3,2-3,3-0,4-12,5-0,6-3-1,7-12,8-3-4,9-13
int_197,0-1,1-0,2-5,3-0,4-17,5-0,6-5-1,7-10,8-5-5,9-6
int_198,0-1,1-8,2-6,3-0,4-11,5-0,6-6-0,7-13,8-6-3,9-3
int_199,0-1,1-3,2-3,3-0,4-3,5-0,6-3-1,7-0,8-3-4,9-14
int_200,0-1,1-5,2-5,3-0,4-20,5-0,6-5-0,7-0,8-5-6,9-2
int_201,0-1,1-5,2-5,3-0,4-0,5-0,6-5-1,7-0,8-5-5,9-15
int_202,0-1,1-4,2-4,3-0,4-2,5-0,6-4-1,7-6,8-4-4,9-14
int_203,0-1,1-5,2-5,3-0,4-5,5-0,6-5-1,7-6,8-5-3,9-15
int_204,0-1,1-1,2-1,3-0,4-10,5-0,6-1-1,7-14,8-1-5,9-9
int_205,0-1,1-9,2-3,3-0,4-0,5-0,6-3-0,7-0,8-3-4,9-20
int_206,0-1,1-4,2-4,3-0,4-6,5-0,6-4-1,7-0,8-4-2,9-5
int_207,0-1,1-3,2-3,3-0,4-18,5-0,6-3-1,7-12,8-3-3,9-13
int_208,0-1,1-3,2-3,3-0,4-0,5-0,6-3-0,7-0,8-3-3,9-3
int_209,0-1,1-3,2-3,3-0,4-4,5-0,6-3-0,7-0,8-3-5,9-0
int_210,0-1,1-6,2-6,3-0,4-6,5-0,6-6-0,7-8,8-6-2,9-23
int_211,0-1,1-3,2-3,3-0,4-4,5-0,6-3-0,7-1,8-3-4,9-24
int_212,0-1,1-6,2-6,3-0,4-0,5-0,6-6-1,7-7,8-6-4,9-6
int_213,0-1,1-4,2-4,3-1,4-14,5-0,6-4-0,7-0,8-4-5,9-1
int_214,0-1,1-5,2-5,3-0,4-1,5-0,6-5-0,7-8,8-5-3,9-23
int_215,0-1,1-5,2-5,3-0,4-0,5-0,6-5-1,7-0,8-5-3,9-9
int_216,0-1,1-5,2-5,3-0,4-18,5-0,6-5-0,7-10,8-5-4,9-2
int_217,0-1,1-4,2-4,3-0,4-2,5-0,6-4-0,7-11,8-4-2,9-0
int_218,0-1,1-10,2-4,3-0,4-5,5-1,6-4-0,7-0,8-4-6,9-0
int_219,0-1,1-5,2-5,3-0,4-1,5-0,6-5-0,7-0,8-5-4,9-18
int_220,0-1,1-0,2-5,3-0,4-2,5-0,6-5-0,7-7,8-5-4,9-4
int_221,0-1,1-2,2-2,3-0,4-5,5-0,6-2-1,7-4,8-2-1,9-11
int_222,0-1,1-4,2-4,3-0,4-13,5-0,6-4-1,7-5,8-4-2,9-9
int_223,0-1,1-6,2-6,3-0,4-2,5-0,6-6-1,7-2,8-6-3,9-10
int_224,0-1,1-5,2-5,3-0,4-7,5-0,6-5-1,7-0,8-5-3,9-10
int_225,0-1,1-5,2-5,3-0,4-0,5-0,6-5-1,7-13,8-5-2,9-5
int_226,0-1,1-5,2-5,3-0,4-0,5-0,6-5-1,7-15,8-5-3,9-15
int_227,0-1,1-0,2-6,3-0,4-1,5-0,6-6-1,7-5,8-6-1,9-10
int_228,0-1,1-0,2-2,3-0,4-12,5-4,6-2-1,7-0,8-2-6,9-13
int_229,0-1,1-4,2-4,3-0,4-0,5-0,6-4-1,7-0,8-4-5,9-15
int_230,0-1,1-4,2-4,3-0,4-10,5-0,6-4-0,7-3,8-4-5,9-0
int_231,0-1,1-0,2-5,3-0,4-8,5-0,6-5-0,7-2,8-5-4,9-23
int_232,0-1,1-5,2-5,3-0,4-18,5-0,6-5-0,7-0,8-5-4,9-18
int_233,0-1,1-4,2-4,3-0,4-0,5-0,6-4-0,7-10,8-4-4,9-2
int_234,0-1,1-0,2-2,3-1,4-0,5-0,6-2-0,7-3,8-2-4,9-1
int_235,0-1,1-0,2-2,3-1,4-13,5-4,6-2-0,7-0,8-2-3,9-1
int_236,0-1,1-0,2-4,3-0,4-3,5-0,6-4-1,7-11,8-4-4,9-14
int_237,0-1,1-9,2-3,3-0,4-0,5-0,6-3-0,7-8,8-3-3,9-0
int_238,0-1,1-11,2-6,3-0,4-6,5-2,6-6-1,7-0,8-6-4,9-6
int_239,0-1,1-6,2-6,3-0,4-3,5-0,6-6-0,7-0,8-6-4,9-24
int_240,0-1,1-3,2-3,3-0,4-0,5-0,6-3-1,7-12,8-3-5,9-10
int_241,0-1,1-2,2-2,3-0,4-0,5-0,6-2-0,7-0,8-2-2,9-3
int_242,0-1,1-5,2-5,3-0,4-20,5-0,6-5-0,7-0,8-5-4,9-4
int_243,0-1,1-1,2-1,3-0,4-2,5-0,6-1-0,7-5,8-1-2,9-0
int_244,0-1,1-0,2-4,3-0,4-5,5-0,6-4-1,7-0,8-4-4,9-10
int_245,0-1,1-3,2-3,3-0,4-2,5-0,6-3-0,7-1,8-3-5,9-2
int_246,0-1,1-11,2-2,3-0,4-17,5-2,6-2-0,7-0,8-2-3,9-18
int_247,0-1,1-0,2-6,3-0,4-3,5-0,6-6-0,7-15,8-6-6,9-0
int_248,0-1,1-8,2-3,3-0,4-8,5-0,6-3-0,7-0,8-3-6,9-21
int_249,0-1,1-11,2-3,3-0,4-14,5-2,6-3-1,7-9,8-3-4,9-5
int_250,0-1,1-5,2-5,3-0,4-0,5-0,6-5-1,7-0,8-5-1,9-14
int_251,0-1,1-3,2-3,3-0,4-19,5-0,6-3-1,7-12,8-3-5,9-7
int_252,0-1,1-5,2-5,3-0,4-11,5-0,6-5-0,7-11,8-5-4,9-0
int_253,0-1,1-6,2-6,3-0,4-0,5-0,6-6-0,7-0,8-6-5,9-0
int_254,0-1,1-0,2-5,3-0,4-14,5-0,6-5-1,7-3,8-5-4,9-14
int_255,0-1,1-2,2-2,3-0,4-17,5-0,6-2-1,7-13,8-2-4,9-8
int_256,0-1,1-3,2-3,3-0,4-1,5-0,6-3-1,7-5,8-3-2,9-12
int_257,0-1,1-3,2-3,3-0,4-13,5-0,6-3-0,7-0,8-3-5,9-21
int_258,0-1,1-7,2-6,3-0,4-11,5-0,6-6-1,7-0,8-6-3,9-5
int_259,0-1,1-10,2-4,3-0,4-5,5-1,6-4-0,7-0,8-4-6,9-23
int_260,0-1,1-5,2-5,3-0,4-0,5-0,6-5-1,7-4,8-5-4,9-11
int_261,0-1,1-3,2-3,3-0,4-12,5-0,6-3-0,7-0,8-3-1,9-21
int_262,0-1,1-3,2-3,3-0,4-14,5-0,6-3-0,7-7,8-3-3,9-4
int_263,0-1,1-4,2-4,3-0,4-0,5-0,6-4-1,7-0,8-4-5,9-11
int_264,0-1,1-5,2-5,3-0,4-16,5-0,6-5-1,7-0,8-5-6,9-6
int_265,0-1,1-7,2-5,3-0,4-11,5-0,6-5-1,7-0,8-5-5,9-6
int_266,0-1,1-6,2-6,3-0,4-0,5-0,6-6-0,7-1,8-6-2,9-0
int_267,0-1,1-4,2-4,3-0,4-0,5-0,6-4-0,7-15,8-4-4,9-3
int_268,0-1,1-8,2-6,3-0,4-0,5-0,6-6-0,7-0,8-6-4,9-4
int_269,0-1,1-7,2-2,3-0,4-3,5-0,6-2-0,7-10,8-2-3,9-22
int_270,0-1,1-0,2-1,3-0,4-0,5-4,6-1-0,7-9,8-1-6,9-21
int_271,0-1,1-5,2-5,3-0,4-0,5-0,6-5-0,7-0,8-5-2,9-4
int_272,0-1,1-5,2-5,3-0,4-1,5-0,6-5-0,7-1,8-5-4,9-0
int_273,0-1,1-1,2-1,3-0,4-0,5-0,6-1-1,7-2,8-1-4,9-13
int_274,0-1,1-7,2-5,3-0,4-0,5-0,6-5-0,7-3,8-5-1,9-0
int_275,0-1,1-3,2-3,3-0,4-1,5-0,6-3-1,7-12,8-3-2,9-10
int_276,0-1,1-2,2-2,3-0,4-0,5-0,6-2-0,7-3,8-2-5,9-0
int_277,0-1,1-4,2-4,3-0,4-0,5-0,6-4-1,7-2,8-4-5,9-6
int_278,0-1,1-4,2-4,3-1,4-0,5-0,6-4-0,7-4,8-4-5,9-1
int_279,0-1,1-2,2-2,3-0,4-1,5-0,6-2-1,7-3,8-2-2,9-6
int_280,0-1,1-1,2-1,3-0,4-0,5-0,6-1-1,7-0,8-1-5,9-15
int_281,0-1,1-5,2-5,3-0,4-0,5-0,6-5-0,7-1,8-5-5,9-2
int_282,0-1,1-8,2-1,3-0,4-1,5-0,6-1-0,7-5,8-1-1,9-21
int_283,0-1,1-7,2-4,3-0,4-7,5-0,6-4-1,7-0,8-4-4,9-7
int_284,0-1,1-0,2-4,3-0,4-0,5-0,6-4-1,7-3,8-4-3,9-5
int_285,0-1,1-6,2-6,3-0,4-0,5-0,6-6-0,7-0,8-6-3,9-19
int_286,0-1,1-0,2-2,3-0,4-6,5-5,6-2-0,7-4,8-2-5,9-2
int_287,0-1,1-11,2-2,3-0,4-1,5-2,6-2-1,7-4,8-2-4,9-14
int_288,0-1,1-1,2-1,3-0,4-0,5-0,6-1-0,7-6,8-1-1,9-17
int_289,0-1,1-5,2-5,3-0,4-0,5-0,6-5-1,7-14,8-5-3,9-12
int_290,0-1,1-1,2-1,3-0,4-9,5-0,6-1-1,7-12,8-1-1,9-9
int_291,0-1,1-7,2-4,3-0,4-4,5-0,6-4-0,7-10,8-4-5,9-0
int_292,0-1,1-4,2-4,3-0,4-0,5-0,6-4-1,7-2,8-4-4,9-6
int_293,0-1,1-1,2-1,3-0,4-3,5-0,6-1-1,7-15,8-1-3,9-7
int_294,0-1,1-0,2-5,3-0,4-0,5-0,6-5-0,7-0,8-5-3,9-0
int_295,0-1,1-2,2-2,3-0,4-17,5-0,6-2-1,7-2,8-2-4,9-13
int_296,0-1,1-6,2-6,3-0,4-1,5-0,6-6-0,7-3,8-6-5,9-22
int_297,0-1,1-1,2-1,3-0,4-16,5-0,6-1-1,7-15,8-1-4,9-7
int_298,0-1,1-8,2-4,3-0,4-8,5-0,6-4-0,7-13,8-4-3,9-0
int_299,0-1,1-11,2-1,3-0,4-11,5-2,6-1-0,7-10,8-1-3,9-3
int_300,0-1,1-1,2-1,3-0,4-5,5-0,6-1-1,7-9,8-1-4,9-8
int_301,0-1,1-5,2-5,3-0,4-0,5-0,6-5-0,7-2,8-5-1,9-0
int_302,0-1,1-5,2-5,3-0,4-0,5-0,6-5-0,7-13,8-5-3,9-0
int_303,0-1,1-5,2-5,3-0,4-0,5-0,6-5-1,7-15,8-5-5,9-12
int_304,0-1,1-2,2-2,3-0,4-7,5-0,6-2-1,7-5,8-2-3,9-6
int_305,0-1,1-9,2-1,3-0,4-0,5-0,6-1-0,7-0,8-1-6,9-3
int_306,0-1,1-0,2-1,3-0,4-17,5-3,6-1-1,7-0,8-1-3,9-8
int_307,0-1,1-11,2-1,3-0,4-0,5-2,6-1-1,7-0,8-1-4,9-13
int_308,0-1,1-7,2-5,3-0,4-2,5-0,6-5-0,7-6,8-5-4,9-17
int_309,0-1,1-4,2-4,3-0,4-2,5-0,6-4-1,7-0,8-4-3,9-5
int_310,0-1,1-8,2-4,3-0,4-0,5-0,6-4-0,7-6,8-4-4,9-19
int_311,0-1,1-3,2-3,3-0,4-2,5-0,6-3-0,7-5,8-3-5,9-24
int_312,0-1,1-8,2-4,3-0,4-12,5-0,6-4-0,7-0,8-4-3,9-0
int_313,0-1,1-0,2-3,3-0,4-3,5-0,6-3-1,7-0,8-3-2,9-14
int_314,0-1,1-3,2-3,3-0,4-3,5-0,6-3-1,7-6,8-3-3,9-6
int_315,0-1,1-9,2-2,3-0,4-0,5-0,6-2-0,7-0,8-2-5,9-4
int_316,0-1,1-0,2-2,3-0,4-4,5-5,6-2-1,7-6,8-2-3,9-14
int_317,0-1,1-7,2-5,3-0,4-2,5-0,6-5-1,7-1,8-5-5,9-8
int_318,0-1,1-4,2-4,3-0,4-1,5-0,6-4-1,7-0,8-4-2,9-10
int_319,0-1,1-6,2-6,3-0,4-11,5-0,6-6-1,7-0,8-6-3,9-11
int_320,0-1,1-6,2-6,3-0,4-1,5-0,6-6-0,7-7,8-6-3,9-23
int_321,0-1,1-6,2-6,3-0,4-3,5-0,6-6-1,7-0,8-6-4,9-6
int_322,0-1,1-6,2-6,3-0,4-19,5-0,6-6-0,7-0,8-6-3,9-0
int_323,0-1,1-0,2-5,3-0,4-4,5-0,6-5-0,7-0,8-5-3,9-0
int_324,0-1,1-4,2-4,3-0,4-3,5-0,6-4-0,7-10,8-4-4,9-0
int_325,0-1,1-0,2-1,3-0,4-14,5-3,6-1-0,7-4,8-1-3,9-0
int_326,0-1,1-0,2-3,3-0,4-13,5-0,6-3-0,7-4,8-3-6,9-24
int_327,0-1,1-7,2-4,3-0,4-6,5-0,6-4-0,7-15,8-4-3,9-4
int_328,0-1,1-10,2-6,3-1,4-4,5-1,6-6-0,7-0,8-6-4,9-1
int_329,0-1,1-2,2-2,3-0,4-18,5-0,6-2-0,7-2,8-2-5,9-2
int_330,0-1,1-1,2-1,3-0,4-1,5-0,6-1-0,7-10,8-1-4,9-4
int_331,0-1,1-0,2-6,3-0,4-10,5-0,6-6-0,7-0,8-6-3,9-3
int_332,0-1,1-7,2-4,3-0,4-1,5-0,6-4-1,7-14,8-4-4,9-8
int_333,0-1,1-5,2-5,3-0,4-0,5-0,6-5-0,7-0,8-5-4,9-0
int_334,0-1,1-2,2-2,3-0,4-0,5-0,6-2-0,7-15,8-2-3,9-0
int_335,0-1,1-5,2-5,3-0,4-12,5-0,6-5-1,7-0,8-5-3,9-5
int_336,0-1,1-6,2-6,3-0,4-0,5-0,6-6-1,7-6,8-6-4,9-16
int_337,0-1,1-5,2-5,3-0,4-0,5-0,6-5-0,7-12,8-5-1,9-0
int_338,0-1,1-1,2-1,3-0,4-0,5-0,6-1-0,7-7,8-1-4,9-0
int_339,0-1,1-0,2-6,3-0,4-0,5-0,6-6-0,7-10,8-6-4,9-0
int_340,0-1,1-6,2-6,3-0,4-0,5-0,6-6-0,7-0,8-6-5,9-17
int_341,0-1,1-0,2-5,3-0,4-0,5-0,6-5-1,7-0,8-5-3,9-5
int_342,0-1,1-6,2-6,3-0,4-13,5-0,6-6-0,7-13,8-6-4,9-0
int_343,0-1,1-11,2-5,3-0,4-20,5-2,6-5-1,7-1,8-5-1,9-5
int_344,0-1,1-2,2-2,3-0,4-0,5-0,6-2-1,7-4,8-2-3,9-7
int_345,0-1,1-8,2-4,3-0,4-0,5-0,6-4-0,7-10,8-4-2,9-2
int_346,0-1,1-3,2-3,3-0,4-14,5-0,6-3-0,7-7,8-3-3,9-0
int_347,0-1,1-0,2-3,3-0,4-0,5-0,6-3-0,7-2,8-3-5,9-20
int_348,0-1,1-6,2-6,3-0,4-2,5-0,6-6-1,7-0,8-6-5,9-13
int_349,0-1,1-7,2-2,3-0,4-0,5-0,6-2-1,7-2,8-2-5,9-5
int_350,0-1,1-4,2-4,3-0,4-5,5-0,6-4-0,7-9,8-4-6,9-18
int_351,0-1,1-0,2-5,3-0,4-3,5-0,6-5-0,7-12,8-5-4,9-17
int_352,0-1,1-3,2-3,3-0,4-5,5-0,6-3-1,7-0,8-3-6,9-13
int_353,0-1,1-6,2-6,3-0,4-11,5-0,6-6-1,7-2,8-6-2,9-13
int_354,0-1,1-0,2-3,3-0,4-3,5-0,6-3-1,7-13,8-3-3,9-12
int_355,0-1,1-7,2-3,3-0,4-1,5-0,6-3-0,7-3,8-3-3,9-4
int_356,0-1,1-10,2-6,3-0,4-10,5-1,6-6-1,7-13,8-6-3,9-5
int_357,0-1,1-6,2-6,3-0,4-0,5-0,6-6-0,7-0,8-6-3,9-3
int_358,0-1,1-3,2-3,3-0,4-6,5-0,6-3-0,7-5,8-3-4,9-3
int_359,0-1,1-1,2-1,3-0,4-2,5-0,6-1-1,7-0,8-1-5,9-8
int_360,0-1,1-10,2-1,3-0,4-18,5-1,6-1-0,7-0,8-1-4,9-0
int_361,0-1,1-7,2-2,3-0,4-3,5-0,6-2-1,7-8,8-2-5,9-5
int_362,0-1,1-5,2-5,3-0,4-4,5-0,6-5-0,7-9,8-5-4,9-2
int_363,0-1,1-5,2-5,3-0,4-14,5-0,6-5-0,7-10,8-5-5,9-3
int_364,0-1,1-8,2-4,3-1,4-0,5-0,6-4-0,7-0,8-4-5,9-1
int_365,0-1,1-5,2-5,3-0,4-0,5-0,6-5-0,7-8,8-5-4,9-0
int_366,0-1,1-0,2-1,3-0,4-20,5-4,6-1-0,7-10,8-1-3,9-2
int_367,0-1,1-5,2-5,3-0,4-0,5-0,6-5-0,7-5,8-5-3,9-24
int_368,0-1,1-3,2-3,3-0,4-3,5-0,6-3-1,7-3,8-3-4,9-6
int_369,0-1,1-7,2-1,3-0,4-13,5-0,6-1-0,7-12,8-1-3,9-0
int_370,0-1,1-2,2-2,3-0,4-13,5-0,6-2-0,7-14,8-2-3,9-0
int_371,0-1,1-1,2-1,3-1,4-0,5-0,6-1-0,7-0,8-1-2,9-1
int_372,0-1,1-7,2-1,3-0,4-11,5-0,6-1-0,7-0,8-1-3,9-4
int_373,0-1,1-5,2-5,3-0,4-0,5-0,6-5-0,7-0,8-5-5,9-2
int_374,0-1,1-5,2-5,3-0,4-2,5-0,6-5-0,7-0,8-5-6,9-24
int_375,0-1,1-0,2-2,3-0,4-0,5-0,6-2-1,7-0,8-2-2,9-15
int_376,0-1,1-6,2-6,3-0,4-0,5-0,6-6-1,7-10,8-6-4,9-9
int_377,0-1,1-5,2-5,3-0,4-16,5-0,6-5-0,7-0,8-5-6,9-24
int_378,0-1,1-4,2-4,3-0,4-0,5-0,6-4-0,7-15,8-4-5,9-3
int_379,0-1,1-9,2-5,3-0,4-5,5-0,6-5-0,7-2,8-5-2,9-19
int_380,0-1,1-1,2-1,3-0,4-0,5-0,6-1-0,7-3,8-1-4,9-0
int_381,0-1,1-6,2-6,3-0,4-9,5-0,6-6-1,7-15,8-6-3,9-8
int_382,0-1,1-3,2-3,3-0,4-1,5-0,6-3-0,7-0,8-3-4,9-0
int_383,0-1,1-5,2-5,3-0,4-17,5-0,6-5-1,7-0,8-5-5,9-11
int_384,0-1,1-0,2-2,3-0,4-13,5-5,6-2-0,7-6,8-2-5,9-0
int_385,0-1,1-7,2-2,3-0,4-0,5-0,6-2-0,7-1,8-2-4,9-0
int_386,0-1,1-0,2-5,3-0,4-14,5-0,6-5-0,7-4,8-5-6,9-0
int_387,0-1,1-3,2-3,3-0,4-13,5-0,6-3-1,7-6,8-3-4,9-15
int_388,0-1,1-4,2-4,3-0,4-16,5-0,6-4-0,7-0,8-4-4,9-0
int_389,0-1,1-11,2-6,3-0,4-0,5-2,6-6-0,7-8,8-6-4,9-2
int_390,0-1,1-0,2-4,3-0,4-0,5-0,6-4-0,7-9,8-4-5,9-22
int_391,0-1,1-3,2-3,3-0,4-2,5-0,6-3-1,7-0,8-3-6,9-14
int_392,0-1,1-0,2-1,3-0,4-13,5-3,6-1-0,7-0,8-1-5,9-4
int_393,0-1,1-6,2-6,3-0,4-0,5-0,6-6-0,7-13,8-6-5,9-4
int_394,0-1,1-0,2-5,3-0,4-0,5-0,6-5-1,7-15,8-5-4,9-14
int_395,0-1,1-5,2-5,3-0,4-17,5-0,6-5-0,7-7,8-5-5,9-3
int_396,0-1,1-6,2-6,3-0,4-0,5-0,6-6-0,7-3,8-6-4,9-4
int_397,0-1,1-6,2-6,3-0,4-13,5-0,6-6-0,7-1,8-6-3,9-19
int_398,0-1,1-5,2-5,3-0,4-18,5-0,6-5-1,7-0,8-5-4,9-14
int_399,0-1,1-1,2-1,3-0,4-14,5-0,6-1-1,7-9,8-1-6,9-14
int_400,0-1,1-10,2-5,3-0,4-0,5-1,6-5-1,7-10,8-5-3,9-10
int_401,0-1,1-6,2-6,3-0,4-0,5-0,6-6-1,7-7,8-6-4,9-8
int_402,0-1,1-3,2-3,3-0,4-0,5-0,6-3-0,7-0,8-3-4,9-4
int_403,0-1,1-0,2-5,3-1,4-0,5-0,6-5-0,7-15,8-5-3,9-1
int_404,0-1,1-0,2-4,3-0,4-4,5-0,6-4-1,7-12,8-4-4,9-12
int_405,0-1,1-6,2-6,3-0,4-0,5-0,6-6-1,7-10,8-6-4,9-6
int_406,0-1,1-0,2-1,3-1,4-0,5-3,6-1-0,7-9,8-1-2,9-1
int_407,0-1,1-5,2-5,3-0,4-10,5-0,6-5-0,7-2,8-5-2,9-20
int_408,0-1,1-0,2-2,3-0,4-2,5-5,6-2-1,7-13,8-2-4,9-6
int_409,0-1,1-2,2-2,3-0,4-0,5-0,6-2-1,7-0,8-2-5,9-6
int_410,0-1,1-6,2-6,3-0,4-11,5-0,6-6-0,7-10,8-6-5,9-3
int_411,0-1,1-9,2-6,3-0,4-19,5-0,6-6-0,7-7,8-6-6,9-2
int_412,0-1,1-6,2-6,3-0,4-0,5-0,6-6-0,7-11,8-6-6,9-0
int_413,0-1,1-0,2-4,3-0,4-1,5-0,6-4-0,7-3,8-4-6,9-2
int_414,0-1,1-8,2-5,3-0,4-14,5-0,6-5-1,7-0,8-5-4,9-12
int_415,0-1,1-11,2-2,3-0,4-10,5-2,6-2-0,7-5,8-2-5,9-22
int_416,0-1,1-6,2-6,3-1,4-12,5-0,6-6-0,7-10,8-6-2,9-1
int_417,0-1,1-10,2-6,3-0,4-2,5-1,6-6-1,7-1,8-6-4,9-10
int_418,0-1,1-3,2-3,3-0,4-15,5-0,6-3-1,7-12,8-3-3,9-8
int_419,0-1,1-4,2-4,3-0,4-0,5-0,6-4-1,7-10,8-4-3,9-7
int_420,0-1,1-0,2-3,3-0,4-0,5-0,6-3-1,7-2,8-3-3,9-14
int_421,0-1,1-9,2-5,3-0,4-13,5-0,6-5-1,7-1,8-5-3,9-8
int_422,0-1,1-3,2-3,3-0,4-8,5-0,6-3-1,7-0,8-3-3,9-13
int_423,0-1,1-0,2-6,3-0,4-0,5-0,6-6-1,7-0,8-6-3,9-6
int_424,0-1,1-2,2-2,3-0,4-16,5-0,6-2-0,7-1,8-2-5,9-3
int_425,0-1,1-1,2-1,3-0,4-0,5-0,6-1-0,7-6,8-1-4,9-20
int_426,0-1,1-11,2-3,3-0,4-0,5-2,6-3-1,7-8,8-3-5,9-16
int_427,0-1,1-9,2-2,3-0,4-14,5-0,6-2-1,7-5,8-2-3,9-13
int_428,0-1,1-7,2-3,3-0,4-0,5-0,6-3-0,7-7,8-3-2,9-2
int_429,0-1,1-5,2-5,3-0,4-2,5-0,6-5-0,7-0,8-5-6,9-3
int_430,0-1,1-4,2-4,3-0,4-0,5-0,6-4-1,7-13,8-4-3,9-8
int_431,0-1,1-5,2-5,3-0,4-14,5-0,6-5-1,7-6,8-5-4,9-7
int_432,0-1,1-0,2-5,3-0,4-10,5-0,6-5-1,7-0,8-5-5,9-12
int_433,0-1,1-6,2-6,3-0,4-14,5-0,6-6-0,7-12,8-6-4,9-23
int_434,0-1,1-6,2-6,3-0,4-0,5-0,6-6-0,7-7,8-6-3,9-17
int_435,0-1,1-5,2-5,3-0,4-0,5-0,6-5-1,7-0,8-5-6,9-7
int_436,0-1,1-3,2-3,3-0,4-0,5-0,6-3-1,7-2,8-3-4,9-9
int_437,0-1,1-2,2-2,3-1,4-10,5-0,6-2-0,7-0,8-2-2,9-1
int_438,0-1,1-2,2-2,3-0,4-1,5-0,6-2-1,7-10,8-2-6,9-14
int_439,0-1,1-4,2-4,3-0,4-14,5-0,6-4-1,7-7,8-4-5,9-16
int_440,0-1,1-11,2-5,3-0,4-0,5-2,6-5-0,7-0,8-5-2,9-0
int_441,0-1,1-4,2-4,3-0,4-1,5-0,6-4-0,7-3,8-4-4,9-19
int_442,0-1,1-6,2-6,3-0,4-17,5-0,6-6-0,7-5,8-6-4,9-2
int_443,0-1,1-5,2-5,3-0,4-2,5-0,6-5-1,7-15,8-5-5,9-7
int_444,0-1,1-0,2-2,3-0,4-12,5-5,6-2-0,7-13,8-2-1,9-23
int_445,0-1,1-3,2-3,3-0,4-0,5-0,6-3-1,7-1,8-3-4,9-11
int_446,0-1,1-0,2-4,3-0,4-1,5-0,6-4-0,7-5,8-4-3,9-18
int_447,0-1,1-5,2-5,3-0,4-5,5-0,6-5-0,7-0,8-5-3,9-3
int_448,0-1,1-3,2-3,3-0,4-0,5-0,6-3-1,7-0,8-3-4,9-10
int_449,0-1,1-0,2-5,3-0,4-13,5-0,6-5-1,7-5,8-5-6,9-16
int_450,0-1,1-4,2-4,3-0,4-0,5-0,6-4-0,7-12,8-4-5,9-21
int_451,0-1,1-0,2-2,3-0,4-10,5-5,6-2-0,7-15,8-2-3,9-0
int_452,0-1,1-5,2-5,3-0,4-0,5-0,6-5-1,7-12,8-5-4,9-14
int_453,0-1,1-4,2-4,3-0,4-14,5-0,6-4-1,7-0,8-4-5,9-6
int_454,0-1,1-6,2-6,3-0,4-17,5-0,6-6-0,7-2,8-6-4,9-0
int_455,0-1,1-1,2-1,3-1,4-0,5-0,6-1-0,7-5,8-1-6,9-1
int_456,0-1,1-8,2-6,3-0,4-14,5-0,6-6-0,7-1,8-6-4,9-0
int_457,0-1,1-10,2-3,3-0,4-3,5-1,6-3-0,7-0,8-3-2,9-0
int_458,0-1,1-3,2-3,3-0,4-14,5-0,6-3-1,7-9,8-3-4,9-16
int_459,0-1,1-3,2-3,3-0,4-7,5-0,6-3-1,7-5,8-3-4,9-8
int_460,0-1,1-0,2-6,3-0,4-6,5-0,6-6-1,7-0,8-6-5,9-12
int_461,0-1,1-1,2-1,3-0,4-0,5-0,6-1-1,7-13,8-1-4,9-11
int_462,0-1,1-0,2-2,3-0,4-19,5-5,6-2-0,7-15,8-2-6,9-0
int_463,0-1,1-3,2-3,3-0,4-0,5-0,6-3-0,7-15,8-3-5,9-17
int_464,0-1,1-0,2-6,3-0,4-0,5-0,6-6-1,7-0,8-6-3,9-7
int_465,0-1,1-1,2-1,3-0,4-0,5-0,6-1-1,7-15,8-1-5,9-16
int_466,0-1,1-0,2-1,3-0,4-0,5-3,6-1-0,7-0,8-1-3,9-17
int_467,0-1,1-0,2-6,3-0,4-0,5-0,6-6-0,7-9,8-6-4,9-0
int_468,0-1,1-0,2-3,3-0,4-10,5-0,6-3-1,7-13,8-3-5,9-6
int_469,0-1,1-6,2-6,3-0,4-16,5-0,6-6-1,7-2,8-6-5,9-14
int_470,0-1,1-6,2-6,3-0,4-3,5-0,6-6-0,7-9,8-6-4,9-0
int_471,0-1,1-0,2-3,3-0,4-0,5-0,6-3-0,7-0,8-3-3,9-20
int_472,0-1,1-0,2-5,3-0,4-18,5-0,6-5-1,7-2,8-5-4,9-7
int_473,0-1,1-2,2-2,3-0,4-0,5-0,6-2-1,7-11,8-2-2,9-9
int_474,0-1,1-4,2-4,3-0,4-2,5-0,6-4-0,7-3,8-4-1,9-0
int_475,0-1,1-2,2-2,3-0,4-0,5-0,6-2-1,7-15,8-2-3,9-5
int_476,0-1,1-6,2-6,3-0,4-16,5-0,6-6-0,7-0,8-6-4,9-18
int_477,0-1,1-5,2-5,3-0,4-1,5-0,6-5-0,7-11,8-5-5,9-0
int_478,0-1,1-2,2-2,3-0,4-0,5-0,6-2-0,7-14,8-2-5,9-21
int_479,0-1,1-2,2-2,3-0,4-15,5-0,6-2-1,7-1,8-2-4,9-6
int_480,0-1,1-6,2-6,3-0,4-0,5-0,6-6-0,7-13,8-6-6,9-3
int_481,0-1,1-0,2-2,3-0,4-17,5-5,6-2-0,7-5,8-2-5,9-24
int_482,0-1,1-6,2-6,3-0,4-20,5-0,6-6-0,7-2,8-6-6,9-22
int_483,0-1,1-0,2-5,3-0,4-3,5-0,6-5-1,7-0,8-5-4,9-5
int_484,0-1,1-4,2-4,3-0,4-6,5-0,6-4-1,7-10,8-4-3,9-11
int_485,0-1,1-2,2-2,3-0,4-18,5-0,6-2-0,7-13,8-2-4,9-17
int_486,0-1,1-7,2-5,3-1,4-2,5-0,6-5-0,7-6,8-5-5,9-1
int_487,0-1,1-6,2-6,3-0,4-0,5-0,6-6-1,7-0,8-6-2,9-5
int_488,0-1,1-3,2-3,3-0,4-0,5-0,6-3-1,7-13,8-3-2,9-10
int_489,0-1,1-0,2-1,3-0,4-2,5-4,6-1-1,7-0,8-1-2,9-5
int_490,0-1,1-4,2-4,3-0,4-13,5-0,6-4-1,7-0,8-4-3,9-11
int_491,0-1,1-3,2-3,3-0,4-0,5-0,6-3-0,7-12,8-3-4,9-3
int_492,0-1,1-5,2-5,3-0,4-0,5-0,6-5-0,7-8,8-5-3,9-2
int_493,0-1,1-1,2-1,3-0,4-3,5-0,6-1-0,7-0,8-1-4,9-2
int_494,0-1,1-0,2-2,3-1,4-0,5-5,6-2-0,7-0,8-2-3,9-1
int_495,0-1,1-1,2-1,3-0,4-5,5-0,6-1-1,7-0,8-1-3,9-9
int_496,0-1,1-8,2-1,3-0,4-11,5-0,6-1-0,7-0,8-1-5,9-0
int_497,0-1,1-0,2-1,3-0,4-0,5-3,6-1-1,7-13,8-1-3,9-9
int_498,0-1,1-10,2-4,3-0,4-13,5-1,6-4-1,7-8,8-4-4,9-5
int_499,0-1,1-0,2-6,3-0,4-10,5-0,6-6-1,7-0,8-6-4,9-6
int_500,0-1,1-6,2-6,3-0,4-13,5-0,6-6-1,7-0,8-6-3,9-10
int_501,0-1,1-4,2-4,3-0,4-2,5-0,6-4-0,7-0,8-4-3,9-4
int_502,0-1,1-2,2-2,3-0,4-0,5-0,6-2-0,7-0,8-2-3,9-0
int_503,0-1,1-2,2-2,3-0,4-14,5-0,6-2-0,7-5,8-2-3,9-4
int_504,0-1,1-2,2-2,3-1,4-8,5-0,6-2-0,7-0,8-2-4,9-1
int_505,0-1,1-8,2-2,3-0,4-13,5-0,6-2-0,7-5,8-2-3,9-3
int_506,0-1,1-11,2-1,3-0,4-0,5-2,6-1-0,7-9,8-1-5,9-17
int_507,0-1,1-3,2-3,3-0,4-3,5-0,6-3-0,7-8,8-3-3,9-0
int_508,0-1,1-6,2-6,3-0,4-14,5-0,6-6-1,7-0,8-6-6,9-8
int_509,0-1,1-6,2-6,3-1,4-14,5-0,6-6-0,7-6,8-6-4,9-1
int_510,0-1,1-5,2-5,3-0,4-0,5-0,6-5-0,7-0,8-5-4,9-0
int_511,0-1,1-3,2-3,3-0,4-12,5-0,6-3-1,7-2,8-3-5,9-6
int_512,0-1,1-2,2-2,3-0,4-1,5-0,6-2-1,7-0,8-2-3,9-16
int_513,0-1,1-4,2-4,3-0,4-0,5-0,6-4-1,7-0,8-4-2,9-16
int_514,0-1,1-1,2-1,3-0,4-0,5-0,6-1-1,7-0,8-1-4,9-5
int_515,0-1,1-1,2-1,3-0,4-18,5-0,6-1-1,7-0,8-1-2,9-5
int_516,0-1,1-5,2-5,3-0,4-0,5-0,6-5-0,7-0,8-5-5,9-18
int_517,0-1,1-4,2-4,3-0,4-0,5-0,6-4-1,7-6,8-4-1,9-8
int_518,0-1,1-10,2-6,3-0,4-1,5-1,6-6-0,7-3,8-6-4,9-17
int_519,0-1,1-8,2-6,3-0,4-10,5-0,6-6-0,7-13,8-6-3,9-2
int_520,0-1,1-8,2-2,3-0,4-16,5-0,6-2-1,7-0,8-2-3,9-12
int_521,0-1,1-0,2-6,3-0,4-2,5-0,6-6-1,7-0,8-6-5,9-5
int_522,0-1,1-6,2-6,3-0,4-0,5-0,6-6-0,7-10,8-6-3,9-0
int_523,0-1,1-2,2-2,3-0,4-4,5-0,6-2-1,7-6,8-2-4,9-5
int_524,0-1,1-0,2-1,3-0,4-0,5-4,6-1-1,7-5,8-1-6,9-6
int_525,0-1,1-6,2-6,3-0,4-9,5-0,6-6-0,7-0,8-6-6,9-22
int_526,0-1,1-1,2-1,3-0,4-0,5-0,6-1-0,7-6,8-1-4,9-22
int_527,0-1,1-5,2-5,3-0,4-17,5-0,6-5-1,7-9,8-5-4,9-5
int_528,0-1,1-8,2-6,3-0,4-3,5-0,6-6-0,7-0,8-6-3,9-2
int_529,0-1,1-5,2-5,3-0,4-0,5-0,6-5-0,7-8,8-5-4,9-0
int_530,0-1,1-5,2-5,3-0,4-9,5-0,6-5-0,7-1,8-5-3,9-22
int_531,0-1,1-0,2-5,3-0,4-4,5-0,6-5-1,7-5,8-5-4,9-5
int_532,0-1,1-1,2-1,3-0,4-5,5-0,6-1-1,7-11,8-1-3,9-11
int_533,0-1,1-2,2-2,3-0,4-6,5-0,6-2-0,7-0,8-2-2,9-0
int_534,0-1,1-4,2-4,3-0,4-15,5-0,6-4-1,7-10,8-4-3,9-15
int_535,0-1,1-2,2-2,3-0,4-0,5-0,6-2-0,7-13,8-2-4,9-0
int_536,0-1,1-1,2-1,3-0,4-9,5-0,6-1-1,7-0,8-1-4,9-6
int_537,0-1,1-5,2-5,3-0,4-7,5-0,6-5-1,7-9,8-5-5,9-15
int_538,0-1,1-1,2-1,3-0,4-0,5-0,6-1-0,7-12,8-1-2,9-3
int_539,0-1,1-0,2-6,3-1,4-0,5-0,6-6-0,7-1,8-6-6,9-1
int_540,0-1,1-1,2-1,3-1,4-3,5-0,6-1-0,7-0,8-1-4,9-1
int_541,0-1,1-6,2-6,3-0,4-0,5-0,6-6-0,7-0,8-6-6,9-21
int_542,0-1,1-5,2-5,3-0,4-3,5-0,6-5-0,7-6,8-5-2,9-0
int_543,0-1,1-7,2-6,3-0,4-0,5-0,6-6-1,7-0,8-6-3,9-15
int_544,0-1,1-0,2-6,3-1,4-9,5-0,6-6-0,7-13,8-6-2,9-1
int_545,0-1,1-0,2-3,3-0,4-4,5-0,6-3-0,7-11,8-3-4,9-20
int_546,0-1,1-0,2-4,3-1,4-0,5-0,6-4-0,7-0,8-4-4,9-1
int_547,0-1,1-0,2-2,3-0,4-8,5-4,6-2-1,7-7,8-2-5,9-9
int_548,0-1,1-6,2-6,3-0,4-0,5-0,6-6-1,7-3,8-6-4,9-13
int_549,0-1,1-5,2-5,3-0,4-6,5-0,6-5-0,7-0,8-5-4,9-23
int_550,0-1,1-6,2-6,3-0,4-20,5-0,6-6-0,7-3,8-6-2,9-0
int_551,0-1,1-0,2-4,3-0,4-14,5-0,6-4-0,7-6,8-4-4,9-4
int_552,0-1,1-2,2-2,3-0,4-6,5-0,6-2-1,7-15,8-2-4,9-5
int_553,0-1,1-10,2-3,3-0,4-4,5-1,6-3-0,7-1,8-3-4,9-20
int_554,0-1,1-9,2-6,3-0,4-0,5-0,6-6-0,7-15,8-6-4,9-3
int_555,0-1,1-2,2-2,3-0,4-3,5-0,6-2-1,7-8,8-2-4,9-13
int_556,0-1,1-0,2-3,3-0,4-18,5-0,6-3-0,7-5,8-3-4,9-20
int_557,0-1,1-1,2-1,3-0,4-13,5-0,6-1-1,7-12,8-1-3,9-15
int_558,0-1,1-6,2-6,3-0,4-13,5-0,6-6-0,7-0,8-6-6,9-18
int_559,0-1,1-5,2-5,3-0,4-0,5-0,6-5-0,7-0,8-5-4,9-0
int_560,0-1,1-5,2-5,3-0,4-3,5-0,6-5-1,7-0,8-5-6,9-13
int_561,0-1,1-6,2-6,3-0,4-0,5-0,6-6-0,7-12,8-6-4,9-2
int_562,0-1,1-8,2-5,3-0,4-0,5-0,6-5-1,7-9,8-5-5,9-8
int_563,0-1,1-5,2-5,3-0,4-0,5-0,6-5-1,7-4,8-5-4,9-11
int_564,0-1,1-1,2-1,3-0,4-13,5-0,6-1-1,7-1,8-1-2,9-6
int_565,0-1,1-0,2-3,3-0,4-0,5-0,6-3-0,7-0,8-3-5,9-19
int_566,0-1,1-0,2-3,3-0,4-6,5-0,6-3-1,7-8,8-3-5,9-9
int_567,0-1,1-6,2-6,3-0,4-11,5-0,6-6-1,7-0,8-6-5,9-11
int_568,0-1,1-11,2-6,3-0,4-1,5-2,6-6-0,7-0,8-6-3,9-18
int_569,0-1,1-0,2-3,3-0,4-0,5-0,6-3-0,7-15,8-3-5,9-4
int_570,0-1,1-6,2-6,3-0,4-3,5-0,6-6-1,7-0,8-6-1,9-5
int_571,0-1,1-5,2-5,3-1,4-13,5-0,6-5-0,7-1,8-5-4,9-1
int_572,0-1,1-4,2-4,3-0,4-9,5-0,6-4-0,7-5,8-4-3,9-19
int_573,0-1,1-10,2-1,3-0,4-0,5-1,6-1-1,7-2,8-1-3,9-8
int_574,0-1,1-5,2-5,3-0,4-0,5-0,6-5-1,7-15,8-5-4,9-15
int_575,0-1,1-2,2-2,3-0,4-12,5-0,6-2-0,7-5,8-2-3,9-0
int_576,0-1,1-7,2-1,3-0,4-1,5-0,6-1-1,7-0,8-1-4,9-10
int_577,0-1,1-4,2-4,3-1,4-0,5-0,6-4-0,7-0,8-4-4,9-1
int_578,0-1,1-2,2-2,3-0,4-16,5-0,6-2-0,7-6,8-2-4,9-0
int_579,0-1,1-5,2-5,3-0,4-11,5-0,6-5-1,7-3,8-5-5,9-12
int_580,0-1,1-5,2-5,3-0,4-0,5-0,6-5-0,7-2,8-5-2,9-23
int_581,0-1,1-0,2-3,3-0,4-0,5-0,6-3-0,7-0,8-3-3,9-0
int_582,0-1,1-5,2-5,3-0,4-1,5-0,6-5-0,7-1,8-5-4,9-0
int_583,0-1,1-6,2-6,3-0,4-14,5-0,6-6-0,7-0,8-6-3,9-4
int_584,0-1,1-6,2-6,3-0,4-14,5-0,6-6-0,7-10,8-6-4,9-3
int_585,0-1,1-3,2-3,3-0,4-13,5-0,6-3-0,7-10,8-3-3,9-0
int_586,0-1,1-4,2-4,3-0,4-5,5-0,6-4-0,7-15,8-4-4,9-24
int_587,0-1,1-2,2-2,3-0,4-13,5-0,6-2-0,7-2,8-2-3,9-18
int_588,0-1,1-11,2-6,3-0,4-15,5-2,6-6-1,7-8,8-6-1,9-10
int_589,0-1,1-1,2-1,3-0,4-0,5-0,6-1-1,7-3,8-1-4,9-11
int_590,0-1,1-6,2-6,3-0,4-17,5-0,6-6-0,7-0,8-6-3,9-0
int_591,0-1,1-4,2-4,3-0,4-0,5-0,6-4-0,7-6,8-4-4,9-18
int_592,0-1,1-1,2-1,3-0,4-2,5-0,6-1-0,7-7,8-1-4,9-3
int_593,0-1,1-3,2-3,3-0,4-0,5-0,6-3-1,7-0,8-3-2,9-14
int_594,0-1,1-7,2-3,3-0,4-0,5-0,6-3-1,7-0,8-3-3,9-6
int_595,0-1,1-0,2-1,3-0,4-3,5-3,6-1-0,7-13,8-1-5,9-4
int_596,0-1,1-10,2-5,3-0,4-18,5-1,6-5-0,7-0,8-5-3,9-0
int_597,0-1,1-1,2-1,3-1,4-8,5-0,6-1-0,7-6,8-1-5,9-1
int_598,0-1,1-6,2-6,3-0,4-1,5-0,6-6-0,7-1,8-6-4,9-23
int_599,0-1,1-2,2-2,3-0,4-18,5-0,6-2-1,7-5,8-2-6,9-5
int_600,0-1,1-5,2-5,3-0,4-0,5-0,6-5-0,7-1,8-5-4,9-0
int_601,0-1,1-0,2-1,3-1,4-5,5-4,6-1-0,7-2,8-1-3,9-1
int_602,0-1,1-11,2-2,3-0,4-0,5-2,6-2-0,7-2,8-2-4,9-0
int_603,0-1,1-5,2-5,3-0,4-0,5-0,6-5-1,7-4,8-5-4,9-9
int_604,0-1,1-2,2-2,3-0,4-15,5-0,6-2-1,7-0,8-2-4,9-12
int_605,0-1,1-3,2-3,3-0,4-0,5-0,6-3-0,7-13,8-3-4,9-4
int_606,0-1,1-1,2-1,3-0,4-5,5-0,6-1-0,7-9,8-1-5,9-22